tahun;kegiatan;komoditas;kode_provinsi;kode_kabupaten;kode_kecamatan;kode_desa;nama_provinsi;nama_kabupaten;nama_kecamatan;nama_desa;kelompok tani;jenis_output;satuan_output;realisasi_output
2026;Kawasan;Bawang Putih;52;5203;520315;5203152003;Nusa Tenggara Barat;Lombok Timur;Sembalun;Sajang;Makmur Sejahtera;Luas;Ha;12
2026;Kawasan;Bawang Putih;52;5203;520315;5203152001;Nusa Tenggara Barat;Lombok Timur;Sembalun;Sembalun Bumbung;Bale ijuk I;Luas;Ha;15
2026;Kawasan;Bawang Putih;52;5203;520315;5203152001;Nusa Tenggara Barat;Lombok Timur;Sembalun;Sembalun Bumbung;Maju Wangi;Luas;Ha;10
2026;Kawasan;Bawang Putih;52;5203;520315;5203152006;Nusa Tenggara Barat;Lombok Timur;Sembalun;Sembalun Timba Gading;Gapoktan Milenial;Luas;Ha;13
2026;Kawasan;Bawang Putih;33;3322;332201;3322012002;Jawa Tengah;Semarang;Getasan;Batur;Cipto Manunggal;Luas;Ha;25
2026;Kawasan;Bawang Putih;33;3307;330713;3307132016;Jawa Tengah;Wonosobo;Kejajar;Igirmranak;Tunas Muda;Luas;Ha;11
2026;Kawasan;Bawang Putih;33;3307;330713;3307132016;Jawa Tengah;Wonosobo;Kejajar;Igirmranak;Tani Putra;Luas;Ha;5
2026;Kawasan;Bawang Putih;33;3307;330713;3307131008;Jawa Tengah;Wonosobo;Kejajar;Kejajar;Tani Mulyo;Luas;Ha;8
2026;Kawasan;Bawang Putih;33;3307;330713;3307131008;Jawa Tengah;Wonosobo;Kejajar;Kejajar;Karya Makmur;Luas;Ha;6
2026;Kawasan;Bawang Putih;33;3307;330713;3307132009;Jawa Tengah;Wonosobo;Kejajar;Serang;Loh Jinawi;Luas;Ha;4
2026;Kawasan;Bawang Putih;33;3307;330713;3307132001;Jawa Tengah;Wonosobo;Kejajar;Campursari;Margo Mulyo III;Luas;Ha;2
2026;Kawasan;Bawang Putih;33;3307;330713;3307131008;Jawa Tengah;Wonosobo;Kejajar;Kejajar;Wonosari Tani;Luas;Ha;5
2026;Kawasan;Bawang Putih;33;3307;330713;3307132009;Jawa Tengah;Wonosobo;Kejajar;Serang;Adhiguna Farm;Luas;Ha;2
2026;Kawasan;Bawang Putih;33;3307;330713;3307132012;Jawa Tengah;Wonosobo;Kejajar;Jojogan;Sami Jaya;Luas;Ha;4
2026;Kawasan;Bawang Putih;33;3307;330713;3307132010;Jawa Tengah;Wonosobo;Kejajar;Tieng;Maju Bersama;Luas;Ha;3
2026;Kawasan;Bawang Putih;33;3313;331302;3313022006;Jawa Tengah;Karanganyar;Jatiyoso;Wonorejo;Wonosaritani VII;Luas;Ha;7
2026;Kawasan;Bawang Putih;33;3313;331302;3313022006;Jawa Tengah;Karanganyar;Jatiyoso;Wonorejo;Wonosaritani VIII;Luas;Ha;4
2026;Kawasan;Bawang Putih;33;3313;331302;3313022006;Jawa Tengah;Karanganyar;Jatiyoso;Wonorejo;Wonosaritani X;Luas;Ha;4
2026;Kawasan;Bawang Putih;33;3313;331302;3313022006;Jawa Tengah;Karanganyar;Jatiyoso;Wonorejo;Wonosaritani XII;Luas;Ha;5
2026;Kawasan;Bawang Putih;33;3313;331302;3313022007;Jawa Tengah;Karanganyar;Jatiyoso;Beruk;Giri Tani I;Luas;Ha;10
2026;Kawasan;Bawang Putih;33;3313;331307;3313072004;Jawa Tengah;Karanganyar;Ngargoyoso;Segorogunung;Gapoktan Citra Lawu;Luas;Ha;60
2026;Kawasan;Bawang Putih;33;3308;330812;3308122029;Jawa Tengah;Magelang;Kajoran;Sukomakmur;Siswo Tani;Luas;Ha;3
2026;Kawasan;Bawang Putih;33;3308;330812;3308122029;Jawa Tengah;Magelang;Kajoran;Sukomakmur;Setyo Tani;Luas;Ha;3
2026;Kawasan;Bawang Putih;33;3308;330812;3308122029;Jawa Tengah;Magelang;Kajoran;Sukomakmur;Brayan Makmur;Luas;Ha;1
2026;Kawasan;Bawang Putih;33;3308;330812;3308122029;Jawa Tengah;Magelang;Kajoran;Sukomakmur;Pemuda Tani Sumber Rejeki;Luas;Ha;4
2026;Kawasan;Bawang Putih;33;3308;330812;3308122029;Jawa Tengah;Magelang;Kajoran;Sukomakmur;Santri Tani;Luas;Ha;2
2026;Kawasan;Bawang Putih;33;3308;330812;3308122029;Jawa Tengah;Magelang;Kajoran;Sukomakmur;KUB Jumangkah;Luas;Ha;2
2026;Kawasan;Bawang Putih;33;3308;330812;3308122029;Jawa Tengah;Magelang;Kajoran;Sukomakmur;Karang Taruna Tani;Luas;Ha;1
2026;Kawasan;Bawang Putih;33;3308;330812;3308122029;Jawa Tengah;Magelang;Kajoran;Sukomakmur;Serbaguna B;Luas;Ha;2
2026;Kawasan;Bawang Putih;33;3308;330812;3308122029;Jawa Tengah;Magelang;Kajoran;Sukomakmur;Muji Rahayu;Luas;Ha;1
2026;Kawasan;Bawang Putih;33;3308;330812;3308122029;Jawa Tengah;Magelang;Kajoran;Sukomakmur;Pemuda Tani Harapan Jaya;Luas;Ha;1
2026;Kawasan;Bawang Putih;33;3308;330812;3308122029;Jawa Tengah;Magelang;Kajoran;Sukomakmur;Ngudi Makmur;Luas;Ha;2
2026;Kawasan;Bawang Putih;33;3308;330812;3308122029;Jawa Tengah;Magelang;Kajoran;Sukomakmur;Pemuda Tani Murakabi;Luas;Ha;2
2026;Kawasan;Bawang Putih;33;3308;330812;3308122029;Jawa Tengah;Magelang;Kajoran;Sukomakmur;KWT Anjani Makmur;Luas;Ha;1
2026;Kawasan;Bawang Putih;33;3308;330813;3308132007;Jawa Tengah;Magelang;Kaliangkrik;Temanggung;Utama;Luas;Ha;5
2026;Kawasan;Bawang Putih;33;3308;330813;3308132004;Jawa Tengah;Magelang;Kaliangkrik;Ngargosoka;KUB Sido Lestari;Luas;Ha;10
2026;Kawasan;Bawang Putih;33;3308;330813;3308132020;Jawa Tengah;Magelang;Kaliangkrik;Adipuro;Amanah Adipuro;Luas;Ha;10
2026;Benih;Bawang Putih;52;5203;520315;5203152001;Nusa Tenggara Barat;Lombok Timur;Sembalun;Sembalun Bumbung;Mele Maju I;Luas;Ha;5
2026;Benih;Bawang Putih;52;5203;520315;5203152001;Nusa Tenggara Barat;Lombok Timur;Sembalun;Sembalun Bumbung;Sumur Lembokek;Luas;Ha;3
2026;Benih;Bawang Putih;52;5203;520315;5203152001;Nusa Tenggara Barat;Lombok Timur;Sembalun;Sembalun Bumbung;Tunas Makmur;Luas;Ha;6
2026;Benih;Bawang Putih;52;5203;520315;5203152001;Nusa Tenggara Barat;Lombok Timur;Sembalun;Sembalun Bumbung;Sinar Tani;Luas;Ha;5
2026;Benih;Bawang Putih;52;5203;520315;5203152001;Nusa Tenggara Barat;Lombok Timur;Sembalun;Sembalun Bumbung;Tunas Muda;Luas;Ha;5
2026;Benih;Bawang Putih;52;5203;520315;5203152002;Nusa Tenggara Barat;Lombok Timur;Sembalun;Sembalun Lawang;Horsela;Luas;Ha;5
2026;Benih;Bawang Putih;52;5203;520315;5203152002;Nusa Tenggara Barat;Lombok Timur;Sembalun;Sembalun Lawang;Fajar Darma;Luas;Ha;3
2026;Benih;Bawang Putih;52;5203;520315;5203152002;Nusa Tenggara Barat;Lombok Timur;Sembalun;Sembalun Lawang;Ingin Maju;Luas;Ha;4,5
2026;Benih;Bawang Putih;52;5203;520315;5203152002;Nusa Tenggara Barat;Lombok Timur;Sembalun;Sembalun Lawang;Orong Puntik;Luas;Ha;3
2026;Benih;Bawang Putih;52;5203;520315;5203152002;Nusa Tenggara Barat;Lombok Timur;Sembalun;Sembalun Lawang;Dasan Daya Hijau;Luas;Ha;10
2026;Benih;Bawang Putih;52;5203;520315;5203152002;Nusa Tenggara Barat;Lombok Timur;Sembalun;Sembalun Lawang;Agro Benjor;Luas;Ha;12
2026;Benih;Bawang Putih;52;5203;520315;5203152002;Nusa Tenggara Barat;Lombok Timur;Sembalun;Sembalun Lawang;Orong Buatan;Luas;Ha;14
2026;Benih;Bawang Putih;52;5203;520315;5203152002;Nusa Tenggara Barat;Lombok Timur;Sembalun;Sembalun Lawang;Sembalun 411;Luas;Ha;3
2026;Benih;Bawang Putih;52;5203;520315;5203152002;Nusa Tenggara Barat;Lombok Timur;Sembalun;Sembalun Lawang;Putra Mangku Bumi;Luas;Ha;4,5
2026;Benih;Bawang Putih;52;5203;520315;5203152002;Nusa Tenggara Barat;Lombok Timur;Sembalun;Sembalun Lawang;Tunas Muda;Luas;Ha;10
2026;Benih;Bawang Putih;52;5203;520315;5203152002;Nusa Tenggara Barat;Lombok Timur;Sembalun;Sembalun Lawang;Rante Mas;Luas;Ha;4
2026;Benih;Bawang Putih;52;5203;520315;5203152006;Nusa Tenggara Barat;Lombok Timur;Sembalun;Sem. Timba Gading;Al-Ikhlas;Luas;Ha;4
2026;Benih;Bawang Putih;52;5203;520315;5203152006;Nusa Tenggara Barat;Lombok Timur;Sembalun;Sem. Timba Gading;Berugak Mujur;Luas;Ha;5,5
2026;Benih;Bawang Putih;52;5203;520315;5203152006;Nusa Tenggara Barat;Lombok Timur;Sembalun;Sem. Timba Gading;Telaga Gading;Luas;Ha;5
2026;Benih;Bawang Putih;52;5203;520315;5203152006;Nusa Tenggara Barat;Lombok Timur;Sembalun;Sem. Timba Gading;Orong Timba Gading;Luas;Ha;4
2026;Benih;Bawang Putih;52;5203;520315;5203152006;Nusa Tenggara Barat;Lombok Timur;Sembalun;Sem. Timba Gading;Baru Bangun;Luas;Ha;4
2026;Benih;Bawang Putih;52;5203;520315;5203152006;Nusa Tenggara Barat;Lombok Timur;Sembalun;Sem. Timba Gading;Sinar Muda;Luas;Ha;5,5
2026;Benih;Bawang Putih;52;5203;520315;5203152006;Nusa Tenggara Barat;Lombok Timur;Sembalun;Sem. Timba Gading;Kali Empit;Luas;Ha;8,5
2026;Benih;Bawang Putih;52;5203;520315;5203152005;Nusa Tenggara Barat;Lombok Timur;Sembalun;Sembalun;Swara Alam;Luas;Ha;2
2026;Benih;Bawang Putih;52;5203;520315;5203152005;Nusa Tenggara Barat;Lombok Timur;Sembalun;Sembalun;Makem;Luas;Ha;3
2026;Benih;Bawang Putih;52;5203;520315;5203152005;Nusa Tenggara Barat;Lombok Timur;Sembalun;Sembalun;Pelangi;Luas;Ha;1
2026;Benih;Bawang Putih;52;5203;520315;5203152005;Nusa Tenggara Barat;Lombok Timur;Sembalun;Sembalun;Dalem Petung;Luas;Ha;6,5
2026;Benih;Bawang Putih;52;5203;520315;5203152005;Nusa Tenggara Barat;Lombok Timur;Sembalun;Sembalun;Loang Londe;Luas;Ha;2
2026;Benih;Bawang Putih;52;5203;520315;5203152005;Nusa Tenggara Barat;Lombok Timur;Sembalun;Sembalun;Lendang Luar;Luas;Ha;4,5
2026;Benih;Bawang Putih;52;5203;520315;5203152005;Nusa Tenggara Barat;Lombok Timur;Sembalun;Sembalun;Lauq Loko';Luas;Ha;1,5
2026;Benih;Bawang Putih;52;5203;520315;5203152005;Nusa Tenggara Barat;Lombok Timur;Sembalun;Sembalun;Lendang Berkarya;Luas;Ha;2
2026;Benih;Bawang Putih;52;5203;520315;5203152005;Nusa Tenggara Barat;Lombok Timur;Sembalun;Sembalun;Pada Angen;Luas;Ha;14
2026;Benih;Bawang Putih;52;5203;520315;5203152005;Nusa Tenggara Barat;Lombok Timur;Sembalun;Sembalun;Kubur Nunggal;Luas;Ha;2
2026;Benih;Bawang Putih;52;5203;520315;5203152005;Nusa Tenggara Barat;Lombok Timur;Sembalun;Sembalun;Ingin Maju;Luas;Ha;2
2026;Benih;Bawang Putih;52;5203;520315;5203152005;Nusa Tenggara Barat;Lombok Timur;Sembalun;Sembalun;Tetu Tetu Pacu;Luas;Ha;2
2026;Benih;Bawang Putih;52;5203;520315;5203152005;Nusa Tenggara Barat;Lombok Timur;Sembalun;Sembalun;Bagi Bersama;Luas;Ha;1
2026;Benih;Bawang Putih;52;5203;520315;5203152005;Nusa Tenggara Barat;Lombok Timur;Sembalun;Sembalun;Orong Surga;Luas;Ha;5
2026;Benih;Bawang Putih;52;5203;520315;5203152005;Nusa Tenggara Barat;Lombok Timur;Sembalun;Sembalun;Dasan Tapen;Luas;Ha;1
2026;Benih;Bawang Putih;52;5203;520315;5203152005;Nusa Tenggara Barat;Lombok Timur;Sembalun;Sembalun;Pergasingan Hijau;Luas;Ha;4
2026;Benih;Bawang Putih;52;5203;520315;5203152005;Nusa Tenggara Barat;Lombok Timur;Sembalun;Sembalun;Orong Mentagi;Luas;Ha;2
2026;Benih;Bawang Putih;52;5203;520315;5203152003;Nusa Tenggara Barat;Lombok Timur;Sembalun;Sajang;Kubur Nunggal;Luas;Ha;13
2026;Benih;Bawang Putih;52;5203;520315;5203152003;Nusa Tenggara Barat;Lombok Timur;Sembalun;Sajang;Lendang Kute;Luas;Ha;1
2026;Benih;Bawang Putih;52;5203;520315;5203152003;Nusa Tenggara Barat;Lombok Timur;Sembalun;Sajang;Tanggek Selaka;Luas;Ha;1
2026;Benih;Bawang Putih;52;5203;520315;5203152003;Nusa Tenggara Barat;Lombok Timur;Sembalun;Sajang;Wisata Tani;Luas;Ha;11
2026;Benih;Bawang Putih;52;5203;520315;5203152003;Nusa Tenggara Barat;Lombok Timur;Sembalun;Sajang;Ijo Lestari;Luas;Ha;1
2026;Benih;Bawang Putih;52;5203;520315;5203152003;Nusa Tenggara Barat;Lombok Timur;Sembalun;Sajang;Lendang Tinggi;Luas;Ha;1
2026;Benih;Bawang Putih;52;5203;520315;5203152003;Nusa Tenggara Barat;Lombok Timur;Sembalun;Sajang;Kesune Nunggal;Luas;Ha;1
2026;Benih;Bawang Putih;52;5203;520315;5203152003;Nusa Tenggara Barat;Lombok Timur;Sembalun;Sajang;Pasir Hitam;Luas;Ha;1
2026;Benih;Bawang Putih;52;5203;520315;5203152003;Nusa Tenggara Barat;Lombok Timur;Sembalun;Sajang;Segara Muncar;Luas;Ha;1
2026;Benih;Bawang Putih;52;5203;520315;5203152003;Nusa Tenggara Barat;Lombok Timur;Sembalun;Sajang;Rereng Rinjani;Luas;Ha;1
2026;Benih;Bawang Putih;52;5203;520315;5203152003;Nusa Tenggara Barat;Lombok Timur;Sembalun;Sajang;Bunga Randu;Luas;Ha;1
2026;Benih;Bawang Putih;52;5203;520315;5203152003;Nusa Tenggara Barat;Lombok Timur;Sembalun;Sajang;Tunas Baru;Luas;Ha;1
2026;Benih;Bawang Putih;52;5203;520315;5203152003;Nusa Tenggara Barat;Lombok Timur;Sembalun;Sajang;Bareng Hidup;Luas;Ha;1
2026;Benih;Bawang Putih;52;5203;520315;5203152003;Nusa Tenggara Barat;Lombok Timur;Sembalun;Sajang;Laskar Tani;Luas;Ha;1
2026;Benih;Bawang Putih;52;5203;520315;5203152003;Nusa Tenggara Barat;Lombok Timur;Sembalun;Sajang;Melet Maju;Luas;Ha;1
2026;Benih;Bawang Putih;52;5203;520315;5203152003;Nusa Tenggara Barat;Lombok Timur;Sembalun;Sajang;Tunas Safaat;Luas;Ha;1
2026;Benih;Bawang Putih;52;5203;520315;5203152003;Nusa Tenggara Barat;Lombok Timur;Sembalun;Sajang;Lembah Hijau;Luas;Ha;1
2026;Benih;Bawang Putih;52;5203;520315;5203152003;Nusa Tenggara Barat;Lombok Timur;Sembalun;Sajang;Lereng Rinjani;Luas;Ha;2
2026;Benih;Bawang Putih;33;3326;332604;3326042003;Jawa Tengah;Pekalongan;Petungkriyono;Tlogohendro;Gunung Beser;Luas;Ha;10
2026;Benih;Bawang Putih;33;3326;332604;3326042003;Jawa Tengah;Pekalongan;Petungkriyono;Tlogohendro;Mangunan;Luas;Ha;10
2026;Benih;Bawang Putih;35;3507;350717;3507172001;Jawa Timur;Malang;Jabung;Taji;Kartika II;Luas;Ha;8
2026;Benih;Bawang Putih;35;3507;350721;3507212011;Jawa Timur;Malang;Wagir;Dalisodo;Sumber Makmur VII;Luas;Ha;6
2026;Benih;Bawang Putih;35;3507;350721;3507212001;Jawa Timur;Malang;Wagir;Sumbersuko;Subur I;Luas;Ha;6
2026;Pekarangan Pangan Bergizi;P2B;13;1302;130210;1302102002;Sumatera Barat;Solok;Kubung;Selayo;KWT Bundo Saiyo;Kelompok;Kelompok;1
2026;Pekarangan Pangan Bergizi;P2B;13;1302;130210;1302102005;Sumatera Barat;Solok;Kubung;Gantung Ciri;Mega Fitrah;Kelompok;Kelompok;1
2026;Pekarangan Pangan Bergizi;P2B;13;1302;130210;1302102007;Sumatera Barat;Solok;Kubung;Koto Hilalang;KWT Mau Maju;Kelompok;Kelompok;1
2026;Pekarangan Pangan Bergizi;P2B;16;1601;160130;1601302006;Sumatera Selatan;Ogan Komering Ulu;Lubuk Raja;Batu Raden;KWT Kemuning;Kelompok;Kelompok;1
2026;Pekarangan Pangan Bergizi;P2B;16;1601;160130;1601302005;Sumatera Selatan;Ogan Komering Ulu;Lubuk Raja;Marta Jaya;Delima Indah;Kelompok;Kelompok;1
2026;Pekarangan Pangan Bergizi;P2B;16;1601;160113;1601132006;Sumatera Selatan;Ogan Komering Ulu;Baturaja Barat;Pusar;KWT Cempaka Indah;Kelompok;Kelompok;1
2026;Pekarangan Pangan Bergizi;P2B;16;1601;160114;1601141012;Sumatera Selatan;Ogan Komering Ulu;Baturaja Timur;Sepancar Lawang Kulon;KWT Bersama Maju;Kelompok;Kelompok;1
2026;Pekarangan Pangan Bergizi;P2B;16;1601;160130;1601302003;Sumatera Selatan;Ogan Komering Ulu;Lubuk Raja;Lekis Rejo;Karya Tani;Kelompok;Kelompok;1
2026;Pekarangan Pangan Bergizi;P2B;32;3207;320730;3207302011;Jawa Barat;Ciamis;Cisaga;Karyamulya;KWT Tunas Lestari;Kelompok;Kelompok;1
2026;Pekarangan Pangan Bergizi;P2B;32;3207;320708;3207082001;Jawa Barat;Ciamis;Panjalu;Panjalu;KWT Langensari;Kelompok;Kelompok;1
2026;Pekarangan Pangan Bergizi;P2B;32;3207;320713;3207132001;Jawa Barat;Ciamis;Rajadesa;Rajadesa;KWT Arum Sari I;Kelompok;Kelompok;1
2026;Pekarangan Pangan Bergizi;P2B;32;3207;320716;3207162003;Jawa Barat;Ciamis;Tambaksari;Kaso;KWT Dahlia;Kelompok;Kelompok;1
2026;Pekarangan Pangan Bergizi;P2B;32;3207;320706;3207062006;Jawa Barat;Ciamis;Cihaurbeuti;Sumberjaya;KWT Campaka Jaya;Kelompok;Kelompok;1
2026;Pekarangan Pangan Bergizi;P2B;32;3211;321116;3211162004;Jawa Barat;Sumedang;Rancakalong;Sukahayu;KWT Kemuning;Kelompok;Kelompok;1
2026;Pekarangan Pangan Bergizi;P2B;32;3211;321123;3211232002;Jawa Barat;Sumedang;Cisarua;Ciuyah;KWT Mekar Jaya Ciuyah;Kelompok;Kelompok;1
2026;Pekarangan Pangan Bergizi;P2B;32;3211;321111;3211112009;Jawa Barat;Sumedang;Tanjungsari;Pasigaran;KWT Srikandi Mukti;Kelompok;Kelompok;1
2026;Pekarangan Pangan Bergizi;P2B;32;3211;321118;3211182011;Jawa Barat;Sumedang;Sumedang Utara;Jatihurip;KEP Mekar Hurip;Kelompok;Kelompok;1
2026;Pekarangan Pangan Bergizi;P2B;15;1502;150220;1502202004;Jawa Barat;Sumedang;Sumedang Selatan;Kel. Cipameungpeuk;KWT Kartika;Kelompok;Kelompok;1
2026;Pekarangan Pangan Bergizi;P2B;32;3214;321417;3214172005;Jawa Barat;Purwakarta;Kiarapedes;Mekarjaya;Karya Mekar;Kelompok;Kelompok;1
2026;Pekarangan Pangan Bergizi;P2B;32;3214;321404;3214042008;Jawa Barat;Purwakarta;Plered;Rawasari;Kelompok Taruna Tani Bangkit;Kelompok;Kelompok;1
2026;Pekarangan Pangan Bergizi;P2B;32;3214;321411;3214112003;Jawa Barat;Purwakarta;Bojong;Cikeris;KWT Mojang Cikeris;Kelompok;Kelompok;1
2026;Pekarangan Pangan Bergizi;P2B;32;3214;321406;3214062008;Jawa Barat;Purwakarta;Darangdan;Linggamukti;KWT Mukti Rahayu;Kelompok;Kelompok;1
2026;Pekarangan Pangan Bergizi;P2B;32;3214;321413;3214132007;Jawa Barat;Purwakarta;Bungursari;Cinangka;Kelompok Taruna Tani Subur Berkah;Kelompok;Kelompok;1
2026;Pekarangan Pangan Bergizi;P2B;76;7604;760413;7604132003;Jawa Barat;Kota Depok;Cimanggis;Kelapa Dua;KWT RW 011;Kelompok;Kelompok;1
2026;Pekarangan Pangan Bergizi;P2B;32;3276;327607;3276071004;Jawa Barat;Kota Depok;Cipayung;Bojong Pokdok Terong;KWT Pulorida Indah;Kelompok;Kelompok;1
2026;Pekarangan Pangan Bergizi;P2B;32;3276;327605;3276051004;Jawa Barat;Kota Depok;Sukmajaya;Kmekar jaya;KWT Mekar Bestari;Kelompok;Kelompok;1
2026;Pekarangan Pangan Bergizi;P2B;32;3276;327601;3276011008;Jawa Barat;Kota Depok;Pancoran Mas;Pancoran Mas;Ladang Berkah;Kelompok;Kelompok;1
2026;Pekarangan Pangan Bergizi;P2B;32;3276;327609;3276091003;Jawa Barat;Kota Depok;Cinere;Pangkalan Jati;Anugerah;Kelompok;Kelompok;1
2026;Pekarangan Pangan Bergizi;P2B;65;6503;650302;6503022004;Kalimantan Utara;Nunukan;Nunukan;Binusan;KWT Cemara Apok;Kelompok;Kelompok;1
2026;Pekarangan Pangan Bergizi;P2B;65;6503;650302;6503022004;Kalimantan Utara;Nunukan;Nunukan;Binusan;KWT Mawar;Kelompok;Kelompok;1
2026;Pekarangan Pangan Bergizi;P2B;65;6503;650316;6503162001;Kalimantan Utara;Nunukan;Sembakung Atulai;Desa Lubok;KWT Dharma Wanita;Kelompok;Kelompok;1
2026;Pekarangan Pangan Bergizi;P2B;65;6503;650309;6503091004;Kalimantan Utara;Nunukan;Nunukan Selatan;Tanjung Harapan;Hijau Lestari;Kelompok;Kelompok;1
2026;Pekarangan Pangan Bergizi;P2B;65;6503;650309;6503091002;Kalimantan Utara;Nunukan;Nunukan Selatan;Nunukan Selatan;Konservasi Perbatasan;Kelompok;Kelompok;1
2026;Pekarangan Pangan Bergizi;P2B;76;7604;760401;7604012008;Sulawesi Barat;Polewali Mandar;Tinambung;Sepa Batu;KWT Litaq Mandar;Kelompok;Kelompok;1
2026;Pekarangan Pangan Bergizi;P2B;76;7604;760401;7604012004;Sulawesi Barat;Polewali Mandar;Tinambung;Lekopadis;KWT Sutera Lawarang;Kelompok;Kelompok;1
2026;Pekarangan Pangan Bergizi;P2B;76;7604;760401;7604012004;Sulawesi Barat;Polewali Mandar;Tinambung;Lekopadis;KWT Harapanku;Kelompok;Kelompok;1
;;;;;;;;;;;;;;
;;;;;;;;;;;;;;
;;;;;;;;;;;;;;
;;;;;;;;;;;;;;
;;;;;;;;;;;;;;
;;;;;;;;;;;;;;
;;;;;;;;;;;;;;
;;;;;;;;;;;;;;
;;;;;;;;;;;;;;
;;;;;;;;;;;;;;
;;;;;;;;;;;;;;
;;;;;;;;;;;;;;
;;;;;;;;;;;;;;
;;;;;;;;;;;;;;
;;;;;;;;;;;;;;
;;;;;;;;;;;;;;
;;;;;;;;;;;;;;
;;;;;;;;;;;;;;
;;;;;;;;;;;;;;
;;;;;;;;;;;;;;
;;;;;;;;;;;;;;
;;;;;;;;;;;;;;
;;;;;;;;;;;;;;
;;;;;;;;;;;;;;
;;;;;;;;;;;;;;
;;;;;;;;;;;;;;
;;;;;;;;;;;;;;
;;;;;;;;;;;;;;
;;;;;;;;;;;;;;
;;;;;;;;;;;;;;
;;;;;;;;;;;;;;
;;;;;;;;;;;;;;
;;;;;;;;;;;;;;
;;;;;;;;;;;;;;
;;;;;;;;;;;;;;
;;;;;;;;;;;;;;
;;;;;;;;;;;;;;
;;;;;;;;;;;;;;
;;;;;;;;;;;;;;
;;;;;;;;;;;;;;
;;;;;;;;;;;;;;
;;;;;;;;;;;;;;
;;;;;;;;;;;;;;
;;;;;;;;;;;;;;
;;;;;;;;;;;;;;
;;;;;;;;;;;;;;
;;;;;;;;;;;;;;
;;;;;;;;;;;;;;
;;;;;;;;;;;;;;
;;;;;;;;;;;;;;
;;;;;;;;;;;;;;
;;;;;;;;;;;;;;
;;;;;;;;;;;;;;
;;;;;;;;;;;;;;
;;;;;;;;;;;;;;
;;;;;;;;;;;;;;
;;;;;;;;;;;;;;
;;;;;;;;;;;;;;
;;;;;;;;;;;;;;
;;;;;;;;;;;;;;
;;;;;;;;;;;;;;
;;;;;;;;;;;;;;
;;;;;;;;;;;;;;
;;;;;;;;;;;;;;
;;;;;;;;;;;;;;
;;;;;;;;;;;;;;
;;;;;;;;;;;;;;
;;;;;;;;;;;;;;
;;;;;;;;;;;;;;
;;;;;;;;;;;;;;
;;;;;;;;;;;;;;
;;;;;;;;;;;;;;
;;;;;;;;;;;;;;
;;;;;;;;;;;;;;
;;;;;;;;;;;;;;
;;;;;;;;;;;;;;
;;;;;;;;;;;;;;
;;;;;;;;;;;;;;
;;;;;;;;;;;;;;
;;;;;;;;;;;;;;
;;;;;;;;;;;;;;
;;;;;;;;;;;;;;
;;;;;;;;;;;;;;
;;;;;;;;;;;;;;
;;;;;;;;;;;;;;
;;;;;;;;;;;;;;
;;;;;;;;;;;;;;
;;;;;;;;;;;;;;
;;;;;;;;;;;;;;
;;;;;;;;;;;;;;
;;;;;;;;;;;;;;
;;;;;;;;;;;;;;
;;;;;;;;;;;;;;
;;;;;;;;;;;;;;
;;;;;;;;;;;;;;
;;;;;;;;;;;;;;
;;;;;;;;;;;;;;
;;;;;;;;;;;;;;
;;;;;;;;;;;;;;
;;;;;;;;;;;;;;
;;;;;;;;;;;;;;
;;;;;;;;;;;;;;
;;;;;;;;;;;;;;
;;;;;;;;;;;;;;
;;;;;;;;;;;;;;
;;;;;;;;;;;;;;
;;;;;;;;;;;;;;
;;;;;;;;;;;;;;
;;;;;;;;;;;;;;
;;;;;;;;;;;;;;
;;;;;;;;;;;;;;
;;;;;;;;;;;;;;
;;;;;;;;;;;;;;
;;;;;;;;;;;;;;
;;;;;;;;;;;;;;
;;;;;;;;;;;;;;
;;;;;;;;;;;;;;
;;;;;;;;;;;;;;
;;;;;;;;;;;;;;
;;;;;;;;;;;;;;
;;;;;;;;;;;;;;
;;;;;;;;;;;;;;
;;;;;;;;;;;;;;
;;;;;;;;;;;;;;
;;;;;;;;;;;;;;
;;;;;;;;;;;;;;
;;;;;;;;;;;;;;
;;;;;;;;;;;;;;
;;;;;;;;;;;;;;
;;;;;;;;;;;;;;
;;;;;;;;;;;;;;
;;;;;;;;;;;;;;
;;;;;;;;;;;;;;
;;;;;;;;;;;;;;
;;;;;;;;;;;;;;
;;;;;;;;;;;;;;
;;;;;;;;;;;;;;
;;;;;;;;;;;;;;
;;;;;;;;;;;;;;
;;;;;;;;;;;;;;
;;;;;;;;;;;;;;
;;;;;;;;;;;;;;
;;;;;;;;;;;;;;
;;;;;;;;;;;;;;
;;;;;;;;;;;;;;
;;;;;;;;;;;;;;
;;;;;;;;;;;;;;
;;;;;;;;;;;;;;
;;;;;;;;;;;;;;
;;;;;;;;;;;;;;
;;;;;;;;;;;;;;
;;;;;;;;;;;;;;
;;;;;;;;;;;;;;
;;;;;;;;;;;;;;
;;;;;;;;;;;;;;
;;;;;;;;;;;;;;
;;;;;;;;;;;;;;
;;;;;;;;;;;;;;
;;;;;;;;;;;;;;
;;;;;;;;;;;;;;
;;;;;;;;;;;;;;
;;;;;;;;;;;;;;
;;;;;;;;;;;;;;
;;;;;;;;;;;;;;
;;;;;;;;;;;;;;
;;;;;;;;;;;;;;
;;;;;;;;;;;;;;
;;;;;;;;;;;;;;
;;;;;;;;;;;;;;
;;;;;;;;;;;;;;
;;;;;;;;;;;;;;
;;;;;;;;;;;;;;
;;;;;;;;;;;;;;
;;;;;;;;;;;;;;
;;;;;;;;;;;;;;
;;;;;;;;;;;;;;
;;;;;;;;;;;;;;
;;;;;;;;;;;;;;
;;;;;;;;;;;;;;
;;;;;;;;;;;;;;
;;;;;;;;;;;;;;
;;;;;;;;;;;;;;
;;;;;;;;;;;;;;
;;;;;;;;;;;;;;
;;;;;;;;;;;;;;
;;;;;;;;;;;;;;
;;;;;;;;;;;;;;
;;;;;;;;;;;;;;
;;;;;;;;;;;;;;
;;;;;;;;;;;;;;
;;;;;;;;;;;;;;
;;;;;;;;;;;;;;
;;;;;;;;;;;;;;
;;;;;;;;;;;;;;
;;;;;;;;;;;;;;
;;;;;;;;;;;;;;
;;;;;;;;;;;;;;
;;;;;;;;;;;;;;
;;;;;;;;;;;;;;
;;;;;;;;;;;;;;
;;;;;;;;;;;;;;
;;;;;;;;;;;;;;
;;;;;;;;;;;;;;
;;;;;;;;;;;;;;
;;;;;;;;;;;;;;
;;;;;;;;;;;;;;
;;;;;;;;;;;;;;
;;;;;;;;;;;;;;
;;;;;;;;;;;;;;
;;;;;;;;;;;;;;
;;;;;;;;;;;;;;
;;;;;;;;;;;;;;
;;;;;;;;;;;;;;
;;;;;;;;;;;;;;
;;;;;;;;;;;;;;
;;;;;;;;;;;;;;
;;;;;;;;;;;;;;
;;;;;;;;;;;;;;
;;;;;;;;;;;;;;
;;;;;;;;;;;;;;
;;;;;;;;;;;;;;
;;;;;;;;;;;;;;
;;;;;;;;;;;;;;
;;;;;;;;;;;;;;
;;;;;;;;;;;;;;
;;;;;;;;;;;;;;
;;;;;;;;;;;;;;
;;;;;;;;;;;;;;
;;;;;;;;;;;;;;
;;;;;;;;;;;;;;
;;;;;;;;;;;;;;
;;;;;;;;;;;;;;
;;;;;;;;;;;;;;
;;;;;;;;;;;;;;
;;;;;;;;;;;;;;
;;;;;;;;;;;;;;
;;;;;;;;;;;;;;
;;;;;;;;;;;;;;
;;;;;;;;;;;;;;
;;;;;;;;;;;;;;
;;;;;;;;;;;;;;
;;;;;;;;;;;;;;
;;;;;;;;;;;;;;
;;;;;;;;;;;;;;
;;;;;;;;;;;;;;
;;;;;;;;;;;;;;
;;;;;;;;;;;;;;
;;;;;;;;;;;;;;
;;;;;;;;;;;;;;
;;;;;;;;;;;;;;
;;;;;;;;;;;;;;
;;;;;;;;;;;;;;
;;;;;;;;;;;;;;
;;;;;;;;;;;;;;
;;;;;;;;;;;;;;
;;;;;;;;;;;;;;
;;;;;;;;;;;;;;
;;;;;;;;;;;;;;
;;;;;;;;;;;;;;
;;;;;;;;;;;;;;
;;;;;;;;;;;;;;
;;;;;;;;;;;;;;
;;;;;;;;;;;;;;
;;;;;;;;;;;;;;
;;;;;;;;;;;;;;
;;;;;;;;;;;;;;
;;;;;;;;;;;;;;
;;;;;;;;;;;;;;
;;;;;;;;;;;;;;
;;;;;;;;;;;;;;
;;;;;;;;;;;;;;
;;;;;;;;;;;;;;
;;;;;;;;;;;;;;
;;;;;;;;;;;;;;
;;;;;;;;;;;;;;
;;;;;;;;;;;;;;
;;;;;;;;;;;;;;
;;;;;;;;;;;;;;
;;;;;;;;;;;;;;
;;;;;;;;;;;;;;
;;;;;;;;;;;;;;
;;;;;;;;;;;;;;
;;;;;;;;;;;;;;
;;;;;;;;;;;;;;
;;;;;;;;;;;;;;
;;;;;;;;;;;;;;
;;;;;;;;;;;;;;
;;;;;;;;;;;;;;
;;;;;;;;;;;;;;
;;;;;;;;;;;;;;
;;;;;;;;;;;;;;
;;;;;;;;;;;;;;
;;;;;;;;;;;;;;
;;;;;;;;;;;;;;
;;;;;;;;;;;;;;
;;;;;;;;;;;;;;
;;;;;;;;;;;;;;
;;;;;;;;;;;;;;
;;;;;;;;;;;;;;
;;;;;;;;;;;;;;
;;;;;;;;;;;;;;
;;;;;;;;;;;;;;
;;;;;;;;;;;;;;
;;;;;;;;;;;;;;
;;;;;;;;;;;;;;
;;;;;;;;;;;;;;
;;;;;;;;;;;;;;
;;;;;;;;;;;;;;
;;;;;;;;;;;;;;
;;;;;;;;;;;;;;
;;;;;;;;;;;;;;
;;;;;;;;;;;;;;
;;;;;;;;;;;;;;
;;;;;;;;;;;;;;
;;;;;;;;;;;;;;
;;;;;;;;;;;;;;
;;;;;;;;;;;;;;
;;;;;;;;;;;;;;
;;;;;;;;;;;;;;
;;;;;;;;;;;;;;
;;;;;;;;;;;;;;
;;;;;;;;;;;;;;
;;;;;;;;;;;;;;
;;;;;;;;;;;;;;
;;;;;;;;;;;;;;
;;;;;;;;;;;;;;
;;;;;;;;;;;;;;
;;;;;;;;;;;;;;
;;;;;;;;;;;;;;
;;;;;;;;;;;;;;
;;;;;;;;;;;;;;
;;;;;;;;;;;;;;
;;;;;;;;;;;;;;
;;;;;;;;;;;;;;
;;;;;;;;;;;;;;
;;;;;;;;;;;;;;
;;;;;;;;;;;;;;
;;;;;;;;;;;;;;
;;;;;;;;;;;;;;
;;;;;;;;;;;;;;
;;;;;;;;;;;;;;
;;;;;;;;;;;;;;
;;;;;;;;;;;;;;
;;;;;;;;;;;;;;
;;;;;;;;;;;;;;
;;;;;;;;;;;;;;
;;;;;;;;;;;;;;
;;;;;;;;;;;;;;
;;;;;;;;;;;;;;
;;;;;;;;;;;;;;
;;;;;;;;;;;;;;
;;;;;;;;;;;;;;
;;;;;;;;;;;;;;
;;;;;;;;;;;;;;
;;;;;;;;;;;;;;
;;;;;;;;;;;;;;
;;;;;;;;;;;;;;
;;;;;;;;;;;;;;
;;;;;;;;;;;;;;
;;;;;;;;;;;;;;
;;;;;;;;;;;;;;
;;;;;;;;;;;;;;
;;;;;;;;;;;;;;
;;;;;;;;;;;;;;
;;;;;;;;;;;;;;
;;;;;;;;;;;;;;
;;;;;;;;;;;;;;
;;;;;;;;;;;;;;
;;;;;;;;;;;;;;
;;;;;;;;;;;;;;
;;;;;;;;;;;;;;
;;;;;;;;;;;;;;
;;;;;;;;;;;;;;
;;;;;;;;;;;;;;
;;;;;;;;;;;;;;
;;;;;;;;;;;;;;
;;;;;;;;;;;;;;
;;;;;;;;;;;;;;
;;;;;;;;;;;;;;
;;;;;;;;;;;;;;
;;;;;;;;;;;;;;
;;;;;;;;;;;;;;
;;;;;;;;;;;;;;
;;;;;;;;;;;;;;
;;;;;;;;;;;;;;
;;;;;;;;;;;;;;
;;;;;;;;;;;;;;
;;;;;;;;;;;;;;
;;;;;;;;;;;;;;
;;;;;;;;;;;;;;
;;;;;;;;;;;;;;
;;;;;;;;;;;;;;
;;;;;;;;;;;;;;
;;;;;;;;;;;;;;
;;;;;;;;;;;;;;
;;;;;;;;;;;;;;
;;;;;;;;;;;;;;
;;;;;;;;;;;;;;
;;;;;;;;;;;;;;
;;;;;;;;;;;;;;
;;;;;;;;;;;;;;
;;;;;;;;;;;;;;
;;;;;;;;;;;;;;
;;;;;;;;;;;;;;
;;;;;;;;;;;;;;
;;;;;;;;;;;;;;
;;;;;;;;;;;;;;
;;;;;;;;;;;;;;
;;;;;;;;;;;;;;
;;;;;;;;;;;;;;
;;;;;;;;;;;;;;
;;;;;;;;;;;;;;
;;;;;;;;;;;;;;
;;;;;;;;;;;;;;
;;;;;;;;;;;;;;
;;;;;;;;;;;;;;
;;;;;;;;;;;;;;
;;;;;;;;;;;;;;
;;;;;;;;;;;;;;
;;;;;;;;;;;;;;
;;;;;;;;;;;;;;
;;;;;;;;;;;;;;
;;;;;;;;;;;;;;
;;;;;;;;;;;;;;
;;;;;;;;;;;;;;
;;;;;;;;;;;;;;
;;;;;;;;;;;;;;
;;;;;;;;;;;;;;
;;;;;;;;;;;;;;
;;;;;;;;;;;;;;
;;;;;;;;;;;;;;
;;;;;;;;;;;;;;
;;;;;;;;;;;;;;
;;;;;;;;;;;;;;
;;;;;;;;;;;;;;
;;;;;;;;;;;;;;
;;;;;;;;;;;;;;
;;;;;;;;;;;;;;
;;;;;;;;;;;;;;
;;;;;;;;;;;;;;
;;;;;;;;;;;;;;
;;;;;;;;;;;;;;
;;;;;;;;;;;;;;
;;;;;;;;;;;;;;
;;;;;;;;;;;;;;
;;;;;;;;;;;;;;
;;;;;;;;;;;;;;
;;;;;;;;;;;;;;
;;;;;;;;;;;;;;
;;;;;;;;;;;;;;
;;;;;;;;;;;;;;
;;;;;;;;;;;;;;
;;;;;;;;;;;;;;
;;;;;;;;;;;;;;
;;;;;;;;;;;;;;
;;;;;;;;;;;;;;
;;;;;;;;;;;;;;
;;;;;;;;;;;;;;
;;;;;;;;;;;;;;
;;;;;;;;;;;;;;
;;;;;;;;;;;;;;
;;;;;;;;;;;;;;
;;;;;;;;;;;;;;
;;;;;;;;;;;;;;
;;;;;;;;;;;;;;
;;;;;;;;;;;;;;
;;;;;;;;;;;;;;
;;;;;;;;;;;;;;
;;;;;;;;;;;;;;
;;;;;;;;;;;;;;
;;;;;;;;;;;;;;
;;;;;;;;;;;;;;
;;;;;;;;;;;;;;
;;;;;;;;;;;;;;
;;;;;;;;;;;;;;
;;;;;;;;;;;;;;
;;;;;;;;;;;;;;
;;;;;;;;;;;;;;
;;;;;;;;;;;;;;
;;;;;;;;;;;;;;
;;;;;;;;;;;;;;
;;;;;;;;;;;;;;
;;;;;;;;;;;;;;
;;;;;;;;;;;;;;
;;;;;;;;;;;;;;
;;;;;;;;;;;;;;
;;;;;;;;;;;;;;
;;;;;;;;;;;;;;
;;;;;;;;;;;;;;
;;;;;;;;;;;;;;
;;;;;;;;;;;;;;
;;;;;;;;;;;;;;
;;;;;;;;;;;;;;
;;;;;;;;;;;;;;
;;;;;;;;;;;;;;
;;;;;;;;;;;;;;
;;;;;;;;;;;;;;
;;;;;;;;;;;;;;
;;;;;;;;;;;;;;
;;;;;;;;;;;;;;
;;;;;;;;;;;;;;
;;;;;;;;;;;;;;
;;;;;;;;;;;;;;
;;;;;;;;;;;;;;
;;;;;;;;;;;;;;
;;;;;;;;;;;;;;
;;;;;;;;;;;;;;
;;;;;;;;;;;;;;
;;;;;;;;;;;;;;
;;;;;;;;;;;;;;
;;;;;;;;;;;;;;
;;;;;;;;;;;;;;
;;;;;;;;;;;;;;
;;;;;;;;;;;;;;
;;;;;;;;;;;;;;
;;;;;;;;;;;;;;
;;;;;;;;;;;;;;
;;;;;;;;;;;;;;
;;;;;;;;;;;;;;
;;;;;;;;;;;;;;
;;;;;;;;;;;;;;
;;;;;;;;;;;;;;
;;;;;;;;;;;;;;
;;;;;;;;;;;;;;
;;;;;;;;;;;;;;
;;;;;;;;;;;;;;
;;;;;;;;;;;;;;
;;;;;;;;;;;;;;
;;;;;;;;;;;;;;
;;;;;;;;;;;;;;
;;;;;;;;;;;;;;
;;;;;;;;;;;;;;
;;;;;;;;;;;;;;
;;;;;;;;;;;;;;
;;;;;;;;;;;;;;
;;;;;;;;;;;;;;
;;;;;;;;;;;;;;
;;;;;;;;;;;;;;
;;;;;;;;;;;;;;
;;;;;;;;;;;;;;
;;;;;;;;;;;;;;
;;;;;;;;;;;;;;
;;;;;;;;;;;;;;
;;;;;;;;;;;;;;
;;;;;;;;;;;;;;
;;;;;;;;;;;;;;
;;;;;;;;;;;;;;
;;;;;;;;;;;;;;
;;;;;;;;;;;;;;
;;;;;;;;;;;;;;
;;;;;;;;;;;;;;
;;;;;;;;;;;;;;
;;;;;;;;;;;;;;
;;;;;;;;;;;;;;
;;;;;;;;;;;;;;
;;;;;;;;;;;;;;
;;;;;;;;;;;;;;
;;;;;;;;;;;;;;
;;;;;;;;;;;;;;
;;;;;;;;;;;;;;
;;;;;;;;;;;;;;
;;;;;;;;;;;;;;
;;;;;;;;;;;;;;
;;;;;;;;;;;;;;
;;;;;;;;;;;;;;
;;;;;;;;;;;;;;
;;;;;;;;;;;;;;
;;;;;;;;;;;;;;
;;;;;;;;;;;;;;
;;;;;;;;;;;;;;
;;;;;;;;;;;;;;
;;;;;;;;;;;;;;
;;;;;;;;;;;;;;
;;;;;;;;;;;;;;
;;;;;;;;;;;;;;
;;;;;;;;;;;;;;
;;;;;;;;;;;;;;
;;;;;;;;;;;;;;
;;;;;;;;;;;;;;
;;;;;;;;;;;;;;
;;;;;;;;;;;;;;
;;;;;;;;;;;;;;
;;;;;;;;;;;;;;
;;;;;;;;;;;;;;
;;;;;;;;;;;;;;
;;;;;;;;;;;;;;
;;;;;;;;;;;;;;
;;;;;;;;;;;;;;
;;;;;;;;;;;;;;
;;;;;;;;;;;;;;
;;;;;;;;;;;;;;
;;;;;;;;;;;;;;
;;;;;;;;;;;;;;
;;;;;;;;;;;;;;
;;;;;;;;;;;;;;
;;;;;;;;;;;;;;
;;;;;;;;;;;;;;
;;;;;;;;;;;;;;
;;;;;;;;;;;;;;
;;;;;;;;;;;;;;
;;;;;;;;;;;;;;
;;;;;;;;;;;;;;
;;;;;;;;;;;;;;
;;;;;;;;;;;;;;
;;;;;;;;;;;;;;
;;;;;;;;;;;;;;
;;;;;;;;;;;;;;
;;;;;;;;;;;;;;
;;;;;;;;;;;;;;
;;;;;;;;;;;;;;
;;;;;;;;;;;;;;
;;;;;;;;;;;;;;
;;;;;;;;;;;;;;
;;;;;;;;;;;;;;
;;;;;;;;;;;;;;
;;;;;;;;;;;;;;
;;;;;;;;;;;;;;
;;;;;;;;;;;;;;
;;;;;;;;;;;;;;
;;;;;;;;;;;;;;
;;;;;;;;;;;;;;
;;;;;;;;;;;;;;
;;;;;;;;;;;;;;
;;;;;;;;;;;;;;
;;;;;;;;;;;;;;
;;;;;;;;;;;;;;
;;;;;;;;;;;;;;
;;;;;;;;;;;;;;
;;;;;;;;;;;;;;
;;;;;;;;;;;;;;
;;;;;;;;;;;;;;
;;;;;;;;;;;;;;
;;;;;;;;;;;;;;
;;;;;;;;;;;;;;
;;;;;;;;;;;;;;
;;;;;;;;;;;;;;
;;;;;;;;;;;;;;
;;;;;;;;;;;;;;
;;;;;;;;;;;;;;
;;;;;;;;;;;;;;
;;;;;;;;;;;;;;
;;;;;;;;;;;;;;
;;;;;;;;;;;;;;
;;;;;;;;;;;;;;
;;;;;;;;;;;;;;
;;;;;;;;;;;;;;
;;;;;;;;;;;;;;
;;;;;;;;;;;;;;
;;;;;;;;;;;;;;
;;;;;;;;;;;;;;
;;;;;;;;;;;;;;
;;;;;;;;;;;;;;
;;;;;;;;;;;;;;
;;;;;;;;;;;;;;
;;;;;;;;;;;;;;
;;;;;;;;;;;;;;
;;;;;;;;;;;;;;
;;;;;;;;;;;;;;
;;;;;;;;;;;;;;
;;;;;;;;;;;;;;
;;;;;;;;;;;;;;
;;;;;;;;;;;;;;
;;;;;;;;;;;;;;
;;;;;;;;;;;;;;
;;;;;;;;;;;;;;
;;;;;;;;;;;;;;
;;;;;;;;;;;;;;
;;;;;;;;;;;;;;
;;;;;;;;;;;;;;
;;;;;;;;;;;;;;
;;;;;;;;;;;;;;
;;;;;;;;;;;;;;
;;;;;;;;;;;;;;
;;;;;;;;;;;;;;
;;;;;;;;;;;;;;
;;;;;;;;;;;;;;
;;;;;;;;;;;;;;
;;;;;;;;;;;;;;
;;;;;;;;;;;;;;
;;;;;;;;;;;;;;
;;;;;;;;;;;;;;
;;;;;;;;;;;;;;
;;;;;;;;;;;;;;
;;;;;;;;;;;;;;
;;;;;;;;;;;;;;
;;;;;;;;;;;;;;
;;;;;;;;;;;;;;
;;;;;;;;;;;;;;
;;;;;;;;;;;;;;
;;;;;;;;;;;;;;
;;;;;;;;;;;;;;
;;;;;;;;;;;;;;
;;;;;;;;;;;;;;
;;;;;;;;;;;;;;
;;;;;;;;;;;;;;
;;;;;;;;;;;;;;
;;;;;;;;;;;;;;
;;;;;;;;;;;;;;
;;;;;;;;;;;;;;
;;;;;;;;;;;;;;
;;;;;;;;;;;;;;
;;;;;;;;;;;;;;
;;;;;;;;;;;;;;
;;;;;;;;;;;;;;
;;;;;;;;;;;;;;
;;;;;;;;;;;;;;
;;;;;;;;;;;;;;
;;;;;;;;;;;;;;
;;;;;;;;;;;;;;
;;;;;;;;;;;;;;
;;;;;;;;;;;;;;
;;;;;;;;;;;;;;
;;;;;;;;;;;;;;
;;;;;;;;;;;;;;
;;;;;;;;;;;;;;
;;;;;;;;;;;;;;
;;;;;;;;;;;;;;
;;;;;;;;;;;;;;
;;;;;;;;;;;;;;
;;;;;;;;;;;;;;
;;;;;;;;;;;;;;
;;;;;;;;;;;;;;
;;;;;;;;;;;;;;
;;;;;;;;;;;;;;
;;;;;;;;;;;;;;
;;;;;;;;;;;;;;
;;;;;;;;;;;;;;
;;;;;;;;;;;;;;
;;;;;;;;;;;;;;
;;;;;;;;;;;;;;
;;;;;;;;;;;;;;
;;;;;;;;;;;;;;
;;;;;;;;;;;;;;
;;;;;;;;;;;;;;
;;;;;;;;;;;;;;
;;;;;;;;;;;;;;
;;;;;;;;;;;;;;
;;;;;;;;;;;;;;
;;;;;;;;;;;;;;
;;;;;;;;;;;;;;
;;;;;;;;;;;;;;
;;;;;;;;;;;;;;
;;;;;;;;;;;;;;
;;;;;;;;;;;;;;
;;;;;;;;;;;;;;
;;;;;;;;;;;;;;
;;;;;;;;;;;;;;
;;;;;;;;;;;;;;
;;;;;;;;;;;;;;
;;;;;;;;;;;;;;
;;;;;;;;;;;;;;
;;;;;;;;;;;;;;
;;;;;;;;;;;;;;
;;;;;;;;;;;;;;
;;;;;;;;;;;;;;
;;;;;;;;;;;;;;
;;;;;;;;;;;;;;
;;;;;;;;;;;;;;
;;;;;;;;;;;;;;
;;;;;;;;;;;;;;
;;;;;;;;;;;;;;
;;;;;;;;;;;;;;
;;;;;;;;;;;;;;
;;;;;;;;;;;;;;
;;;;;;;;;;;;;;
;;;;;;;;;;;;;;
;;;;;;;;;;;;;;
;;;;;;;;;;;;;;
;;;;;;;;;;;;;;
;;;;;;;;;;;;;;
;;;;;;;;;;;;;;
;;;;;;;;;;;;;;
;;;;;;;;;;;;;;
;;;;;;;;;;;;;;
;;;;;;;;;;;;;;
;;;;;;;;;;;;;;
;;;;;;;;;;;;;;
;;;;;;;;;;;;;;
;;;;;;;;;;;;;;
;;;;;;;;;;;;;;
;;;;;;;;;;;;;;
;;;;;;;;;;;;;;
;;;;;;;;;;;;;;
;;;;;;;;;;;;;;
;;;;;;;;;;;;;;
;;;;;;;;;;;;;;
;;;;;;;;;;;;;;
;;;;;;;;;;;;;;
;;;;;;;;;;;;;;
;;;;;;;;;;;;;;
;;;;;;;;;;;;;;
;;;;;;;;;;;;;;
;;;;;;;;;;;;;;
;;;;;;;;;;;;;;
;;;;;;;;;;;;;;
;;;;;;;;;;;;;;
;;;;;;;;;;;;;;
;;;;;;;;;;;;;;
;;;;;;;;;;;;;;
;;;;;;;;;;;;;;
;;;;;;;;;;;;;;
;;;;;;;;;;;;;;
;;;;;;;;;;;;;;
;;;;;;;;;;;;;;
;;;;;;;;;;;;;;
;;;;;;;;;;;;;;
;;;;;;;;;;;;;;
;;;;;;;;;;;;;;
;;;;;;;;;;;;;;
;;;;;;;;;;;;;;
;;;;;;;;;;;;;;
;;;;;;;;;;;;;;
;;;;;;;;;;;;;;
;;;;;;;;;;;;;;
;;;;;;;;;;;;;;
;;;;;;;;;;;;;;
;;;;;;;;;;;;;;
;;;;;;;;;;;;;;
;;;;;;;;;;;;;;
;;;;;;;;;;;;;;
;;;;;;;;;;;;;;
;;;;;;;;;;;;;;
;;;;;;;;;;;;;;
;;;;;;;;;;;;;;
;;;;;;;;;;;;;;
;;;;;;;;;;;;;;
;;;;;;;;;;;;;;
;;;;;;;;;;;;;;
;;;;;;;;;;;;;;
;;;;;;;;;;;;;;
;;;;;;;;;;;;;;
;;;;;;;;;;;;;;
;;;;;;;;;;;;;;
;;;;;;;;;;;;;;
;;;;;;;;;;;;;;
;;;;;;;;;;;;;;
;;;;;;;;;;;;;;
;;;;;;;;;;;;;;
;;;;;;;;;;;;;;
;;;;;;;;;;;;;;
;;;;;;;;;;;;;;
;;;;;;;;;;;;;;
;;;;;;;;;;;;;;
;;;;;;;;;;;;;;
;;;;;;;;;;;;;;
;;;;;;;;;;;;;;
;;;;;;;;;;;;;;
;;;;;;;;;;;;;;
;;;;;;;;;;;;;;
;;;;;;;;;;;;;;
;;;;;;;;;;;;;;
;;;;;;;;;;;;;;
;;;;;;;;;;;;;;
;;;;;;;;;;;;;;
;;;;;;;;;;;;;;
;;;;;;;;;;;;;;
;;;;;;;;;;;;;;
;;;;;;;;;;;;;;
;;;;;;;;;;;;;;
;;;;;;;;;;;;;;
;;;;;;;;;;;;;;
;;;;;;;;;;;;;;
;;;;;;;;;;;;;;
